"position","unit_type","description","session","created","last_access","hang"
300,"Page","END -  FINI","NB130302_XXXPMOpWlBehKXA7jVQGX6OjPoRoeml44oyf6_w1g02DRe2ghK0H_Iu","2021-05-25 17:27:44","2021-06-11 19:41:55",0
300,"Page","END -  FINI","NA110498_XXXEO98e4oNOL2LDLVnWj_NIFAbvv2wReaArCmJuy0IukB8dZDv-p9a","2021-05-17 14:21:17","2021-06-01 00:49:07",0
300,"Page","END -  FINI","DF240797_XXXfmxWP7AeN_BSCWg4sHRz9vjG9QxwDL4f2dMvZNZZJUNMakZpLVAT","2021-05-05 11:52:22","2021-05-27 08:08:53",0
300,"Page","END -  FINI","BS240201_XXXbmm4JtXASTjnKy5LxL5YOhtKyDGZzhTWNdaZXRzs9Jr9oTEz41zW","2021-03-31 16:00:07","2021-05-26 21:12:26",0
300,"Page","END -  FINI","CL030297_XXXoI9qavcO44RcsCqb1q7xEiLU5i0ZjArkV8-jfyQJx52dCFv_DDIX","2021-05-03 16:43:37","2021-05-22 08:58:16",0
300,"Page","END -  FINI","MP310199_XXXGTLs-i-m_Qadcnwz7aE2iVmogGTDLI8hbVFypIH7rgQml_OYqccY","2021-05-04 12:20:52","2021-05-18 22:58:03",0
300,"Page","END -  FINI","VL091000_XXX_11gjMhozIAH3F-afJiOdBco0t_q8WVVGzoZcGrBoUcC5Hf7qYYx","2021-05-03 15:47:20","2021-05-18 17:01:59",0
300,"Page","END -  FINI","CF040299_XXX8H34HfOd4CuerDoQfbxmnNZQ0nrtbP8vXurWUhFHTEKPMcRz-uVW","2021-03-12 10:13:10","2021-05-14 00:14:33",0
300,"Page","END -  FINI","BE180199_XXXbofzvrcZHYRb6oS7VYsAC2nVAJL1nRsSoldbOuasxl3xonqd9ETx","2021-04-21 14:42:32","2021-05-06 03:35:50",0
300,"Page","END -  FINI","MT190201_XXXG9fQZ5_3cILZkL8pCp86JBIe07gLWjWHeqHuEgZYA3JZJRtTF5No","2021-04-21 16:13:44","2021-05-05 21:31:11",0
300,"Page","END -  FINI","KE180100_XXXqU8A8yzLTrJzqoTpXkc6q22RqcDl0WlhbmbnF2S6df6GUW0lfuY6","2021-04-15 14:53:00","2021-05-02 13:55:26",0
300,"Page","END -  FINI","AR140120_XXXUm3s-lOAwRFqTNldZdnTxgDrm9tNrXoOGy2Smd8DKq6RJBlKbQp1","2021-04-06 14:42:17","2021-04-23 19:14:50",0
300,"Page","END -  FINI","CB300700_XXXF9mKIfWVfHL2KGq4XWst1d7sKVlus6ISagapQssossKVL7VtDMaH","2021-04-02 17:25:22","2021-04-18 14:11:16",0
300,"Page","END -  FINI","MJ020302_XXXWAEP_LsXO6dCW7WOgQeUtgjyqZogUWwgb8vGS6z0k7hIX0cCn730","2021-03-29 13:47:58","2021-04-17 17:43:55",0
300,"Page","END -  FINI","EA071098_XXXq4yG6lEBQEGEWjgwhKaXbC5s4FyfnnUpu_UtC12TnhXZFdfS_3MG","2021-03-23 18:44:11","2021-04-16 10:31:56",0
300,"Page","END -  FINI","BC121002_XXXHl3tNMuPwuuTSUZLx7RDHo7_20bJabWEcqF-u1OXDbwxRDThyC-h","2021-03-31 16:51:23","2021-04-15 14:38:48",0
300,"Page","END -  FINI","JR130598_XXXhwHU2_EauIbottrD-MKgqZv7962uicJk9hsjTemywCQY9qIO_joI","2021-02-25 15:12:38","2021-04-10 11:35:22",0
300,"Page","END -  FINI","SF131273_XXXVVsvGKeHGTItzAULL0q0se4i7sAQpAzrW0WOATLw0MrT7fMPCQCp","2021-03-22 19:27:02","2021-04-10 10:30:31",0
300,"Page","END -  FINI","MD231197_XXXS_ytp6cerrIi1gdeoOXOML08VoNXh2HmXPIDnVZXMqux2-zMwGgS","2021-03-23 16:13:58","2021-04-07 14:57:59",0
300,"Page","END -  FINI","PF040700_XXXFr5DK3lTeskGHwsFxF8BIi4LAqtguy-MJi6299nFaxcAsmTMVftI","2021-03-22 19:28:36","2021-04-05 21:33:53",0
300,"Page","END -  FINI","MM160500_XXX4xrwHG7up8Iv7pkGf78-HN7W4lbih5oI5Q4MXE85IKImu-hdoq12","2021-03-22 19:25:45","2021-04-05 21:29:38",0
300,"Page","END -  FINI","FM281194_XXXPsb932P8is146JyPD9K6OnF1ch598ZYUoRCwEly92ly_UYwcFpbs","2021-03-17 14:48:07","2021-04-03 15:16:30",0
300,"Page","END -  FINI","LF280801_XXXgvaf5Lr7Lfj9olx6C2WoRrpD6fbJL6OoPOO9ZRrSFIvmI3o2uwoq","2021-03-19 15:26:27","2021-04-02 22:16:47",0
300,"Page","END -  FINI","IC180602_XXX6pfB3W2fEkJOyN3NPHIEJvQPNblTEdu5kyiDbNBU3EGME6FSivLH","2021-03-02 17:10:26","2021-03-27 18:16:04",0
300,"Page","END -  FINI","PA020496_XXXihs0IIHMu7Nuw8bbhXcltsCSLtSWIZZ4CYVt35Uc-pFXas2tH7gV","2021-03-03 17:41:22","2021-03-21 19:57:34",0
300,"Page","END -  FINI","KJ131220_XXXEjZMLFQUmB5JkoxTVu_Zb9sVvlbHjuMUx6-6GdN7YaW06Huu6iWe","2021-02-25 16:13:27","2021-03-21 11:26:41",0
300,"Page","END -  FINI","DS141297_XXXUFqEe2xCMKfRBjBRTV_xezIccpLePliCSJ0Ge_btmfav7_oF4nbw","2021-03-03 17:10:09","2021-03-17 22:17:21",0
300,"Page","END -  FINI","AH170596_XXXGq7W3W35S5vAkRwoUaeXiaivETVVcXjGp2xCrXx6zQtWKN0FGOa5","2021-03-02 15:32:56","2021-03-17 11:50:03",0
300,"Page","END -  FINI","FJ040798_XXXtlI6aDaEygrITuKA6altQR0faD4A5_X5y1-zad_ZeZjTFdgaJ-Og","2021-03-02 16:44:02","2021-03-17 08:47:30",0
300,"Page","END -  FINI","SR080398_XXXZaZ3E-M-lHXFrEGacZOVWGl4eT8rWOXg1zTVr_Ovh9nbArry2g_m","2021-03-02 15:12:58","2021-03-17 00:40:53",0
300,"Page","END -  FINI","CB131101_XXX9qjWX_Y2xFRYwzEp_AZu0BPJaTp5AO2RrXDpmy3JUCW1wIDnEwFo","2021-03-02 18:16:37","2021-03-16 22:57:36",0
300,"Page","END -  FINI","CV300898_XXXS8cg3fiF_Sm76dYvQa_BbjUzfiyPiO4hR31n7F7xye2VBFWMWcUL","2021-03-02 18:45:29","2021-03-16 21:47:56",0
300,"Page","END -  FINI","NV070602_XXXVOMGiM7k_VhajkmsVfqHQ4vcqMefijGoReNz82FpkrrsCg5COOEs","2021-03-02 14:46:26","2021-03-16 21:13:28",0
300,"Page","END -  FINI","NC210501_XXX82Edb5vk1b0RfjuaYb2zr0_hL4HrKuZSuVHJWLhMP6zBZXXMIEG2","2021-03-02 17:35:30","2021-03-16 21:12:47",0
300,"Page","END -  FINI","SH230995_XXXpPdcf9mlWYe-l7RieZyRs7a6rhHEElr2ORPb0MeCAMAoOFIJKtHw","2021-03-01 10:02:26","2021-03-15 21:08:35",0
300,"Page","END -  FINI","VN120599_XXXKic221LroZatXt_7P-cTyYUVV3g0dxtfuger4BIGs4JhvRJdVRG1","2021-02-26 11:17:48","2021-03-12 21:36:49",0
300,"Page","END -  FINI","SA050398_XXXoGO56B3JjwYvB3YrHNt2Jz2k_DIuVC2i-bLOMDpbl1cE7TpRZeuh","2021-02-25 16:29:58","2021-03-12 17:22:25",0
300,"Page","END -  FINI","DB161096_XXXsr_cLSZBKPX0Z7SqgtON6WiA34HXFZ1U50mNsJE2GrnbJqdoDZsh","2021-02-24 16:49:13","2021-03-12 11:46:06",0
300,"Page","END -  FINI","PW040998_XXXcEV3Vt1q6R8pOcoXYblgaBGM98wozf0c8XnT5CBFFdoIdusLuFGn","2021-02-25 09:17:15","2021-03-11 22:02:54",0
300,"Page","END -  FINI","NP170801_XXXL1Gm3eBU954z8Dqe_IOsgJk-c4qkOgh-XHx18C-AfSr1hcLThIA0","2021-02-25 15:42:19","2021-03-11 21:22:02",0
